1,지구가 제일 힘들었던 시기는?,고생대
2,서울에서 생산된 고기는?,살코기(지방이 없으니까)
3,F는 좀 애매한 이유는?,F = ma니까
4,me too와 비슷한 말은?,another(어 나도)
5,메이저리그에서 던지는 공은?,해외직구
6,이야기를 팔아서 돈을 버는 사람은?,썰(Ssul)매장 주인
7,할아버지를 영어로?,맨틀
8,옷감을 울게 만드는 것은?,섬유유(ㅠㅠ)연제
9,비빔밥 재료가 맨날 남는 이유는?,나물 음식이라서
10,도서관에서 음료수를 원샷하는 이유는?,반입금지라서
11,피카츄가 담배를 피기 전에 하는 말?,피까
12,모든 사람을 일어나게 하는 숫자는?,다섯
13,사자가 항상 숙제를 안 하는 이유는?,밀림의 제왕이라서
14,자동차를 톡하고 치면?,카톡
15,다리미가 좋아하는 음식은?,피자
16,겨울왕국의 엘사가 놀릴 때 하는 말은?,얼 Let it go 레리
17,뽑으면 우는 식물은?,우엉
18,광부가 가장 많은 나라는?,케냐
19,사람이 울면?,흑인
20,오키나와에 가면 살이 찌는 이유는?,5끼 나오니까
21,소나무가 삐지면?,칫솔
22,우유가 아프면?,앙팡
23,등쳐먹고 사는 사람은?,안마사
24,소가 불에 타면?,탄소
25,오리가 얼면?,언덕
26,가장 비싼 새는?,백조
27,땅 울 때 내는 소리는?,흙흙
28,수박 한 통에 1만 원인데 두통엔?,게보린
29,맥주가 죽기 전에 남긴 말은?,유언비어
30,가장 가난한 왕은?,최저임금
31,칼이 정색하면?,검정색
32,가수 설운도가 옷을 벗는 순서가 어떻게 될까?,상하의
33,항상 미안해하는 연예인은?,지성
34,반성문을 영어로 하면?,글로벌
35,세종대왕이 나온 고등학교는?,가갸거겨고교
36,새우가 주인공인 드라마는?,대하드라마
37,화장실에서 금방 나온 사람은?,일본사람
38,회를 가장 잘 뜨는 곳은?,회전문
39,소금의 유통기한은?,천일염
40,왕이 궁에 가기 싫을 때 하는 말은?,궁시렁궁시렁
41,아마존에 살고 있는 사람의 이름은?,아마 존?
42,신발이 화가 나면?,신발 끈
43,고등학생이 싫어하는 나무는?,야자나무
44,가장 억울한 도형은?,원통
45,가장 지루한 중학교?,로딩중
46,서울이 추우면?,서울시립대
47,정말 큰 학은?,대학
48,가장 야한 가수는?,다비치
49,어부들이 싫어하는 사람은?,배철수
50,얼음이 죽으면?,다이빙
51,이탈리아의 날씨?,습하겟디
52,가장 뜨거운 바다는?,열받아
53,인천 앞바다의 반대는?,인천 엄마다
54,누룽지를 영어로?,바비브라운
55,가는 말이 고우면 오는 말은?,Come
56,높은 곳에서 새끼를 낳는 동물은?,하이에나
57,딸기가 도망가면?,딸기쨈
58,길 가다가 음식을 주운 것을 3자로?,푸드 득
59,옥수수가 시험을 보는 것을 4자로?,콘테스트
60,칼로 산을 두 개로 자르면?,두산베어스
61,낙엽이 귀엽게 떨어지면서 나는 소리는?,나기엽?
62,신부가 부케를 던지면서 하는 말,기다려 본캐로 온다
63,물리치료를 받는 이유는?,병을 물리치료구
64,부침개를 먹으면 살이 찌는 이유는?,전 부처먹기 때문
65,우유가 넘어지면?,아야
66,보내기 싫으면?,가위나 바위를 낸다
67,가장 놀라운 거품은?,언빌리버블
68,자전거 무법자가 차와 부딪혀서 죽으면?,고 자라니
69,모내기 기계가 고장이 나면?,심기 불편
70,흑형의 여자친구는?,깜짝
71,간첩이 동물원에 가면 찾는 새는?,공작새
72,오래된 우유를 다른 말로?,연세우유
73,2만 원 중에 1만 원만 현질하면?,반지름
74,모태솔로를 영어로?,없데이트
75,애플이 망한 이유는?,MAC(막) 만들어서
76,돼지고기가 금값인 이유?,돼지가 '한 돈' 가격이라서
77,연필로 잘못 썼을 때 피카츄로 지우면 되는 이유는?,지우 개니까
78,아이언맨을 대체할 히어로가 없는 이유는?,iron 사람 또 없어서
79,흑인이 도망갈 때 하는 말?,니거기서!
80,해산물이 전부 '부패'하는 이유는?,생선은 전부 비리니까
81,DJ DOC의 국적은?,나! 이란 사람이야~
82,세종대왕이 자기소개를 하면?,난이도
83,공기밥을 영어로 하면 뭐임?,윈드밀
84,일본인이 에도시대로 시간 이동을 했는데 당황하면서 했던 말은?,에.. 도시때?(에.. 어째서?)
85,어린이가 노인을 마구 때리면?,애틀란타
86,닭이 사람을 물면?,인문계
87,월요일에 낳은 자식은?,먼데 이새끼
88,고추를 돌리면서 씻으면?,조지 워싱 턴
89,옛날 성균관에서 불을 밝힐 때 쓰던 초는?,성균관's candle
90,지니가 노란색이 되면?,황진이
91,보신탕 집 가는 길은?,게이트웨이
92,횟집 가면 이쁜 애들한테만 맛있는 것을 주는 이유는?,사심이 들어가서
93,비실이를 총으로 쏘면?,탕비실
94,도박중독자들이 물을 어떻게 마실까?,홀짝홀짝
95,정의가 차가운 이유는?,그냥 얼음(just ice)이라서
96,키가 작은 남자들한테 검은색 옷은 안 어울리는 이유?,검은색 옷은 다 크거든요
97,탈옥을 가장 잘하는 아이돌은?,내가 jail 잘 나가
98,탱글탱글한 피부를 만드는데 걸리는 시간은?,수 분
99,폐하가 가장 높은 존재인 이유는?,더 높은 사람들은 폐위됐기 때문
100,스타크래프트에서 제일 뜨거운 유닛은?,"고스트(""아임 고온"")"
101,인도는 지금 몇 시일까?,인도네시아
102,호랑이가 운전 중에 토끼를 보고 한 말은?,타이거
103,물고기를 가장 잘 낚는 일본인은?,다나까
104,개와 오랑우탄이 교배해서 낳은 것은?,오랑캐
105,매니 파퀴아오가 다쳤을 때 바르는 것은?,매니큐어
106,송해가 샤워를 하고 나면?,뽀송뽀송해
107,가장 빠른 닭은?,후다닥
108,쥐가 네 마리 모이면?,쥐포
109,여자는 무드에 약하다,누드
110,오른손으로는 들어도 왼손으로는 들지 못하는 것은?,왼손
111,가장 뜨거운 전화는?,화상전화
112,포도가 자기소개하면?,포도당
113,뱀에 불이 붙으면?,뱀파이어
114,푸른 소가 용을 구하면?,청소 용구함
115,삼국시대의 젊은 여자들에 대한 이야기를 다룬 책은?,삼국지영걸전
116,과소비가 심한 동물은?,사자
117,마녀가 높이 올라가면?,위치 에너지가 증가함
118,사슴의 눈이 좋으면?,굿 아이디어
119,미국이 싫으면?,아메리카노
120,형을 정말 좋아하는 동생은?,형광팬
121,날마다 새로운 욕을 만들어 내는 도시는?,뉴욕
122,아베가 빵 터질 때 한 말은?,우잌
123,가장 잔인한 비빔밥은?,산채비빔밥
124,슈퍼맨이 어렸을 때를 뭐라고 할까?,슈퍼주니어
125,사자를 잡아다 끓인 국은?,동물의 왕국
126,가장 강력한 세균은?,대장균
127,먹을 수 없는 떡은?,그림의 떡
128,곰은 사과를 어떻게 먹을까?,베어먹음
129,시간이 갈수록 환해지는 것은?,흰머리
130,가장 큰 콩은?,홍콩
131,꿩 먹고 알도 먹는 사람은?,꿩 주인
132,가장 기분 좋은 바람은?,신바람
133,옷에 걸고 다니는 빵은?,멜빵
134,집에서 집중을 하면 몸이 무거워지는 이유는?,집중력이 상승하니까
135,마부가 말이 몇 필인지 세고 있으면 안좋은 이유는?,말세니까
136,먹지 못하는 닭은?,까닭
137,아무리 예뻐도 미녀라고 못하는 사람은?,미남
138,'타자'의 반대말은?,안타
139,아무리 빨리 달려도 앞서가지 못하는 것은?,자동차 뒷바퀴
140,'창이 날라오니까 피해'를 3자로?,창피해
141,지방 흡입의 반대말은?,수도권 배출
142,입이 S자로 되어 있으면?,EBS
143,설날에 용돈을 하나도 못 받으면?,설거지
144,당신이 기쁨을 느끼면?,유희열
145,팔힘이 가장 센 사람은?,암스트롱
146,1+1의 답을 조선족이 히면?,이다해
147,양이 높은 곳에 있으면?,고양이
148,키보다 크면?,키위
149,전화로 세운 건물은?,콜로세움
150,가장 외로운 왕은?,솔로몬
151,학생들이 가장 싫어하는 피자는?,책 피자
152,매가 불닭볶움면을 먹으면?,매움
153,고양이가 죽어서 지옥에 가면?,헬로키티
154,직접 만든 총은?,손수건
155,가장 멍청한 개는?,무지개
156,신하가 왕한테 공 던지면서 하는 말은?,송구하옵니다
157,'체리야'하고 부르자 대답하길?,체리블로썸
158,모든 싱글들의 짝은?,벙글
159,절벽에서 4명이 오줌을 싸면?,벼랑 위의 포뇨
160,"""비가 LA로 갈 예정이다""를 4자로?",LA갈비
161,가장 추운 바다의 이름은?,썰렁해
162,도둑질하러 가는 걸음걸이를 4자로?,털레털레
163,소가 웃는 소리를 3자로?,우하하
164,사람이 3명만 들어갈 수 있는 차는?,인삼차
165,"코끼리 2마리가 서로 싸워, 둘 다 코가 떨어져 나갔다면?",끼리끼리
166,귀에 발이 달렸으면?,당나귀
167,깎으면 깎을수록 커지는 것은?,구멍
168,다섯은 당기고 다섯은 들어가는 것은?,장갑
169,먹다 보면 결국에는 죽는데 안 먹을 수 없는 것은?,나이
170,작아서 볼 수가 없는 문은?,소문
171,별 중에 가장 슬픈 별은?,이별
172,목수도 고칠 수 없는 집은?,고집
173,스타들이 싸우는 모습 4자로?,스타워즈
174,지구에서 가장 큰 여자를 뭐라고 부르나?,태평양
175,가장 아름다운 개는?,무지개
176,입으로 먹지 않고 귀로 먹는 것은?,욕
177,정조대왕의 가족은?,이산가족
178,먹지 못하는 묵은?,침묵
179,하늘과 땅 사이에 있는 것은?,과
180,1 더하기 1은?,노동
181,2 더하기 2는?,덧니
182,아몬드가 죽으면?,다이아몬드
183,장님도 몰 수 있는 것은?,꿈
184,그네에 탄 아베를 밀어줄 때 하는 말은?,자 민당
185,설렁탕 집이 성공한 이유는?,한우 물만 꾸준히 팜
186,앞과 뒤가 똑같은 날은?,일요일
187,사람이 즐겨 먹는 피는?,커피
188,알파벳은 모두 몇 글자인가?,3글자
189,용 2마리가 서로 죽도록 싸우는 모습을 5자로?,용용 죽겠지
190,손님이 깎아 달라는 대로 깎아 주는 사람은?,이발사
191,가까워도 서로 못 보고 사는 것은?,눈
192,외톨이인 곤충은?,아싸 호랑나비
193,엄마와 다른 사람들의 차이점은?,"M이 없다(엄마는 mother, 다른 사람들은 other)"
194,허수아비의 아들 이름은?,허수
195,잠자는 소는?,주무소
196,가짜 휘발유를 만들 때 가장 많이 들어가는 재료는?,진짜 휘발유
197,욕이 불교 용어에서 유래된 근거는?,욕이 절로 나와서
198,'보통'이 커지면?,곱빼기
199,슈퍼주니어 신동 옆에 있는 사람은?,신동엽
200,한지우랑 오바람 중 누가 더 강한지 알아?,삐까삐까함
201,결혼한 스님이 여자 두 명하고 또 결혼하면?,첩첩산중
202,왕이 자기 왕비를 어떻게 부를까?,​짐짝
203,많이 맞을수록 좋은 것은?,시험문제
204,항상 흑심을 품고 있는 것은?,연필
205,눈사람의 반대말은?,일어선 동물
206,시체가 커지면?,미라클
207,둘리가 재학 중인 고등학교 이름은?,빙하타고/요리보고
208,눈 깜짝할 사이에 할 수 있는 일은?,윙크
209,"수성, 금성, 지구, 화성이 모이면 도박성이 강해지는 이유는?",사행성
210,중학생과 고등학생이 타는 차는?,중고차
211,거꾸로 들어도 바로 보이는 것은?,거울
212,매일 이상한 것을 보는 사람은?,치과의사
213,땀을 흘릴 수록 작아지는 것은?,얼음
214,물에서 태어났으면서도 물에 들어가면 죽는 것은?,소금
215,새 대가리가 뜨거운 이유는?,부리 나서
216,둘어가는 구멍은 하나인데 나오는 구멍은 둘인 것은?,바지
217,바다와 육지 사이에 있는 것은?,와
218,손님이 올 때마다 끌려 나오는 것은?,방석
219,주방장들이 가장 싫어하는 도시는?,상해
220,언제나 잘못을 비는 나무는?,사과나무
221,가장 더러운 물이 흐르는 강은?,요강
222,바지가 인사를 하면?,하의 하의
223,굶는 사람이 많은 나라는?,헝가리
224,가장 달콤한 술은?,입술
225,호랑이와 고래 사이에서 태어난 말은?,거짓말
226,차도가 없는 나라는?,인도
227,가방끈이 가장 긴 물고기는?,고등어/닥터피쉬
228,항상 같은 길로만 다니는 것은?,기차
229,마른 옷은 벗고 젖은 옷만 입는 것은?,빨랫줄
230,사람들이 살면서 가장 많이 하는 소리는?,숨소리
231,서울에 사는 거지는?,설거지
232,'아이 추워'의 반대말은?,어른 더워
233,길거리에서 시주를 받는 스님들을 무슨 중이라고 할까?,영업 중
234,많이 먹을수록 화나는 것은?,욕
235,2 + 3 = ?,오란다
236,경마장에서 하는 장난은?,말장난
237,돼지가 열받으면 어떻게 되나?,바비큐
238,공부해서 남 주는 사람은?,교사
239,사 온다고 하면서도 못 사 오는 것은?,못
240,읽을 수 없는 책은?,주책
241,아 배불러,바다 건너게
242,사람이 즐겨 먹는 제비는?,수제비
243,세상에서 제일 큰 코는?,멕시코
244,수학을 한 자로?,솩
245,담배가 경마장에 간 이유는?,말보로
246,타이타닉의 구명보트에는 몇 명이 탈 수 있을까?,9명
247,죽이다의 반대말은?,밥이다
248,어두울 때면 우리 머리를 풀어 헤치고 물을 흘리는 것은?,양초
249,진짜 새는?,참새
250,청소하는 어린 여자를 3자로?,청소년
251,다리 두 개에 갈비뼈만 앙상한 것은?,사다리
252,눈 오는 날만 일하는 사람은?,안과의사
253,앞으로 나가면 지고 뒤로 물러나면 이기는 것은?,줄다리기
254,가장 빨리 잠든 사람은?,이미자
255,자꾸 맞아야 사는 것은?,팽이
256,닦을수록 더러워지는 것은?,걸레
257,얼굴은 여섯이고 눈은 21인 것은?,주사위
258,앉으면 높아지고 서면 낮아지는 것은?,천장
259,다 자랐는데도 자라라고 하는 것은?,자라
260,가장 행복한 바다는?,사랑해
261,고개를 숙이고 눈물 흘리는 것은?,수도꼭지
262,타는 것인데 앞뒤로 못 움직이는 것은?,엘리베이터
263,한쪽 발은 가만있고 다른 발만 돌아다니는 것은?,컴퍼스
264,먹지 못하는 감은?,영감
265,7월 7일이 사라지면?,소서(小暑)리스
266,진짜 문제투성이인 것은?,시험지
267,잘생긴 부처는?,부처핸썸
268,밑 빠진 독에 물 담을 수 있게 콩쥐를 도와준 동물은?,독수리
269,슈퍼맨의 가슴에'S'자는 무엇의 약자인가?,스판
270,내가 먹으면 맛이 없고 다른 사람이 먹어야 맛있는 탕은?,골탕
271,'너와 나의 엉덩이'를 영어로?,Ass U Me
272,이씨를 영어로 하면?,알 수 없음. 미스터리(mister lee)니까
273,수돗물인데 알고 보니 가짜 물이었다면?,pseudo물
274,가장 빨리 만들어지는 떡은?,헐레벌떡
275,하루아침에 온 세상을 내다볼 수 있는 문은?,신문
276,다운로드의 반대말은?,덜웃은로드
277,문을 두드리고 있는 여자를 5자로?,똑똑한 여자
278,엄마가 길을 잃으면?,맘마미아
279,벌거벗은 남자를 그린 그림은?,전라남도
280,우리나라에서 김이 가장 많이 나는 곳은?,목욕탕
281,어린이들이 거짓말을 많이 하는 이유는?,애들은 가라
282,비행기를 타고 있을 때 화를 내면 안되는 이유는?,공중분해
283,스캔들 하나 없는 연예인은?,노사연
284,개와 사람이 동업을 하면?,개인사업
285,입에 넣고 삼키지 않고 뱉는 약은?,치약
286,가장 더운 남자는?,덥군
287,신경통 환자가 가장 싫어하는 악기는?,비올라
288,'하늘에 콩이 2개 있다'를 5자로?,스카이 콩콩
289,가장 착한 사자는?,자원봉사자
290,한 아이가 산에서 밑에 있는 할아버지에게 올라오라고 한 말은?,산타 할아버지
291,수학 책을 난로 위에 놓으면?,수학 익힘책
292,세상의 모든 약을 구매하면?,전세 계약 사기
293,'웃으면서 인사하다'를 3자로?,하이킥
294,추잡스럽기 짝이 없는 개는?,꼴불견
295,'비가 오는 날에는 환자가 없다'를 4자로?,유비무환
296,도둑이 훔친 돈을 뭐라고 할까?,슬그머니
297,옷을 가장 많이 해 입는 나라는?,가봉
298,달걀을 팔고 받은 돈은?,에그머니
299,좀전에 울었던 사람을 다른 말로까?,아까운 사람
300,아프지도 않는데 매일 집에서 쓰는 약은?,치약
301,추장보다 높은 사람은?,고추장
302,고추장보다 높은 사람은?,초고추장
303,초고추장보다 높은 사람은?,태양초고추장
304,설경구가 녹으면?,물경구
305,미술학과 학생들이 타고 다니는 버스는?,캔버스
306,안개로 만든 아이스크림은?,포그바
307,꽃가게 주인이 가장 싫어하는 도시는?,시드니
308,여름마다 일어나는 전쟁은?,더워
309,화장실에 다녀온 원숭이를 5자로?,일본원숭이
310,긍정적인 동물은?,돼지
311,정력이 가장 좋은 왕은?,관계또대왕
312,천주교 신자가 성당에서 예배드리는 일은?,미사일
313,수학을 가장 잘했던 조선시대 임금은?,연산군
314,미꾸라지의 반대말은?,미꾸스몰
315,미꾸라지보다 더 큰 물고기는?,미꾸엑스라지
316,밤에 성시경이 2명 있으면?,야간투시경
317,거지가 싫어하는 색은?,인색
318,애플에서 나온 술은?,맥주
319,아이스크림이 죽으면?,다이하드
320,왕과 작별 인사를 뭐라고 할까?,바이킹
321,3월에 대학생이 강한 이유는?,개강해서
322,소가 한 마리면?,소원
323,소가 두 마리면?,투우
324,소가 네 마리면?,소포
325,소가 여러 마리면?,소스
326,소가 죽으면?,다이소
327,백범 김구 선생이 여자를 때리면?,여자친구
328,침대를 밀고 돌리면?,배드민턴
329,김밥이 죽으면 어디로 갈까?,김밥천국
330,노인이 가장 좋아하는 폭포는?,나이야가라
331,사오정이 다니는 학교는?,뭐라고
332,도둑이 싫어하는 과자는?,누네띠네
333,미국에서 비가 내리면?,USB
334,왕이 담배를 피우면?,스모킹
335,"""일본에 사냐?""를 다른 말로?",왜사니?
336,이순신 장군이 일본에 선전포고를 했을 때 했던 말은?,왜 로 워
337,배트맨의 국적은?,일본(브루스 왜인)
338,일식을 영어로?,왜이팅
338,가나초콜릿이 단 이유는?,가나다라
339,닭의 부인은?,닭처
340,나무 다섯 그루는?,오목
341,토끼가 빗는 빗은?,래빗
342,논리적인 사람이 총 쏘면?,타당
343,왕이 꿈틀 되면?,왕꿈틀
344,용과 용이 만나면?,용접
345,가장 얇은 바위는?,머리카락(rock)
346,펭귄이 신는 신발은?,빙신
347,낮에만 가는 시계는?,해시계
348,육지에 사는 고래는?,술고래
349,작아도 크다고 하는 나무는?,대나무
350,만두 가게 주인이 가장 싫어하는 말은?,속 터져
351,가장 엄숙하지 않은 절은?,안절부절
352,신혼부부가 좋아하는 곤충은?,잠자리
353,곰이 물구나무를 서면?,문
354,담배는 있는데 라이터가 없는 사람은?,불필요한 사람
355,라이터는 있는데 담배가 없는 사람은?,불만있는 사람
356,삶은?,달걀
357,뚱뚱한 사람들이 모여있는 동네는?,개포동
358,덜 뚱뚱한 사람들이 모여있는 동네는?,반포동
359,돌잔치를 영어로 하면?,락페스티벌
360,깨가 죽으면?,주근깨
361,연하장을 받은 소가 화낸 이유는?,올해는 소망하는 일 모두 이루어지라고 적혀 있어서
362,잘생긴 가위는?,핸섬가이
363,우주인들이 술 마시는 곳은?,스페이스바
364,오리를 생으로 먹으면?,회오리
365,플러스와 마이너스가 싸우면 누가 이김?,플러스가 덧셈
366,식인종이 우사인 볼트를 보면?,패스트푸드
367,과자가 감옥에서 출소 후 자기소개를 하면?,전과자
368,무가 눈물을 흘리면?,무뚝뚝
369,콩 한 알을 영어로 하면?,원빈
370,아재들이 좋아하는 소?,와이프 집 나갔소
371,매일 미안한 동물은?,오소리
372,가장 쉬운 숫자는?,"190,000"
373,'용이 하늘로 올라간다'를 4자로?,올라가용
374,대한민국 연예인 중 가장 큰 차를 타고 다니는 연예인은?,버스커버스커
375,부산 앞바다 반대말은?,부산 엄마다
376,가수 테이가 병원에 입원한 까닭은?,가슴 아파서~ 목이 메어서~
377,해가 울었던 장소는?,해운대
378,비가 빅뱅에 안 들어간 이유는?,태양을 피하고 싶어서
379,불이 4개 있으면?,사파이어
380,열두 달 중 뱀과 벌이 없는 달은?,11월(노뱀벌)
381,비가 1시간 동안 내리면?,추적 60분
382,핑거(finger) 반대말?,오무린거
383,고양이를 싫어하는 동물은?,미어캣
384,김밥이 경찰서에 간 이유는?,참깨가 고소해서
385,슈렉 엄마 이름은?,녹색 어머니
386,헤어 나올 수가 없는 것은?,대머리
387,떡집 사장이 주식을 안 하는 이유는?,떡 상할까봐
388,가장 읽기 힘든 책은?,지침서
389,김태희가 영화를 혼자 보면?,무(無)비
390,전주비빔밥의 반대말은?,이번 주 비빔밥
391,가장 못생긴 새는?,니 생김새
392,우리나라에서 가장 화나 있는 도시는?,성남
393,신을 낳은 아기는?,갓난 아기
394,네이마르가 헤딩골을 넣고 자신의 머리를 가리키면서 한 말은?,내 이마로
395,지진이 일어날 때 절대 부르면 안 되는 노래는?,동요
396,젊은 물고기는?,영어
397,벌레들이 별이 되면?,스타벅스
398,나방을 영어로 못 쓰는 이유는?,Moth니까
399,사람을 가장 많이 죽인 살인마는?,"시간, 연세살인마라서"
400,여왕이 빨리 오면?,어여왕
401,왕이 넘어지면?,킹콩
402,공이 웃으면?,풋볼
403,숲속에서 자라는 것 중 가장 야한 것은?,버섯
404,자동차가 울면?,잉카
405,식목일에 쉬는 이유는?,모종의 이유로
406,바람이 귀엽게 부는 곳은 어디일까?,분당
407,자가용의 반대말은?,커용
408,'뎅뎅뎅뎅뎅'을 2자로?,오뎅
409,아기곰 푸가 넘어지면?,쿵푸
410,할아버지가 제일 좋아하는 돈은?,할머니
411,왕위계승을 3글자로?,킹받네
412,고등학교 자퇴생이 물구나무를 서면 안되는 이유는?,중졸뇌가 뇌졸중이 되어버리기 때문
413,'나중에 널 빨아줘'를 영어로?,서큘레이터
414,개미가 처음으로 배타고 바다에 나가서 감탄하면서 한 말은?,개미 : 와 배짱이다
415,강남이 멋있는 이유는?,Gan G Nam​
416,팥을 중국어로?,홍콩(red bean)
417,새들이 굳이 집을 짓는 이유는?,집 밖 구리니까
418,주먹으로 창문을 깼는데 피가 나지 않으면?,윈도우 XP
419,쥐가 무서우면?,무선마우스
420,바보가 달에 가면?,바보 온달
421,멧돼지가 불효자인 이유는?,엄니로 들이받아서
422,콩나물이 무를 때리면?,콩나물 무침
423,밭이 사막으로 이루어져 있으면?,사전
424,가장 날씬한 왕은?,thinking
425,4가 도망가면?,포도주
426,한국 남성들이 대중교통을 잘 이용하지 않는 이유는?,한 남자가 있어~
427,인류가 만든 가장 창의적 무기는?,방패
428,새치기를 싫어하는 단체는?,조류보호협회
429,소리를 지르면서 김을 지키는 사람은?,김경호
430,게를 냉동실에 넣으면?,게으름
431,싸이를 모르는 래퍼는?,싸이먼디
432,꼰대희가 창씨개명을 하면?,소코키 사무케치
433,횟집에서 회를 쌓아두고 부피를 구하면?,회전체의 부피를 구함
434,"""쟤네들 자매들이야""를 영어로?",Genesis
435,수지의 부모 이름은?,"신체, 발부"
436,"""날아다니는 기타가 비싸다""란 의미가 포함된 노래 가사는?",비행기타고가요~
437,차 안에서 시작된 문명은?,잉카 문명
438,사진 찍는 것에 환장하는 사람이 마시는 커피는?,디카 폐인
439,안마 의자가 매국노인 이유는?,근육 이완용이기 때문
440,사람들이 조급해지는 시간대는?,1시(한 시가 급하니까)
441,'아홉 명의 자식들'을 3자로?,아이구
442,말이 많은 사람은?,목장주인
443,곰이 목욕을 하는 곳은?,곰탕
444,가장 멋없는 춤은?,엉거주춤
445,가장 황홀한 춤은?,입맞춤
446,유리창 100개 중 2개가 깨지면?,윈도 98
447,산타가 싫어하는 차는?,산타페
448,새신랑과 안경 낀 사람의 공통점은?,벗으면 더듬는다.
449,벌레 중 가장 빠른 벌레는?,바퀴벌레
450,비로서 인정을 받은 사람은?,환경미화원
451,대머리가 쏠 수 있는 총알 수는?,한 발(두발이 없기 때문)
452,호랑이가 사는 숲은 영어로?,타이거 우즈
453,개미집의 주소는?,허리도 가늘군 만지면 부서지리
454,내 것인데 남이 더 많이 쓰는 것은?,내 이름
455,딸기가 회사에서 잘리면?,딸기시럽
456,엄마가 일어나면 아빠가 책 보는 곳은?,노래방
457,햄버거 속 고기에 김을 뿌리는 것을 3자로?,패티김
458,시어머니와 며느리가 사업하면 돈이 되는 이유는?,고부가가치사업이라서
459,아직 덜 익은 알은?,거위알
460,동물원이 번 돈은?,주머니
461,종달새 수컷이 암컷을 부르는 말은?,지지배
462,못 사는 사람들이 하는 직업은?,목수
463,몸에 해로운 청바지는?,유해진
464,가장 무서운 전화기는?,무선전화기
465,마그마의 반대말은?,뚫으마
466,모래를 파는 CEO는?,모래사장
467,치아가 잘 보이는 사람은?,이보영
468,고자인 왕은?,박혁거세
469,바람난 여자가 제일 좋아하는 남자는?,항상 서 있는 남자
470,비 오는 날 마당에서 빗자루를 들고 서 있는 여자는?,쓸데없는 여자
471,놀부가 가장 좋아하는 술은?,심술
472,땅투기꾼과 인신매매업자를 7자로?,땅 팔자 사람 팔자
473,용접기사들이 평소에 하는 취미는?,용접기
474,호수의 뜬 달은 크게 보이는 이유는?,물에 불어서
475,바늘만 가지고 다닌 사람을 부르는 말은?,실 없는 사람
476,바닷가에서 해도 되는 욕은?,해수욕
477,슈퍼주니어를 한국말로 바꾸면?,가게집 아들
478,흥부가 좋아하는 연예인은?,박보영
479,못 팔고도 돈 번 사람은?,철물점 주인
480,세상에서 제일 큰 차는?,아프리카
481,개가 벽보고 뭐라고 했을까?,월월
482,차 문을 세게 닫으면 안 되는 이유는?,문이 네 개니깐
483,태양을 취재하는 사람은?,해리포터
484,차가 치고 갔을 때 가장 먼저 해야 할 일은?,친자확인
485,우리나라에서 학생 수가 제일 적은 대학교는?,세명대학교
486,싸움을 가장 잘 하는 오리는?,을지문덕
487,언제나 말다툼 때문에 시끄러운 곳은?,경마장
488,가수 비의 매니저가 하는 일?,비만관리
489,화장실에 사는 두 마리 용은?,신사용 숙녀용
490,"송혜교, 송대관, 송지효의 공통점은?",성동일
491,다이어트하는 사람이 여름을 싫어하는 이유는?,비 많이 와서
492,학이 침을 뱉으면?,퇴학
493,개가 내린 커피는?,개드립
494,사람의 몸무게가 가장 많이 나갈 때는?,철들 때
495,텔레토비가 만든 안경점은?,아이(eye)조아
496,사람들이 가장 싫어하는 금은?,세금
497,매일 달리는 사람들이 모으는 도시는?,경주
498,절에서 뼈가 부러지면?,절뚝
499,술을 좋아하는 사람들이 모인 도시는?,호주
500,'오리도 지랄하면 날 수 있다'를 4자로?,오리지날
501,몸에서 금속이 가장 많은 곳은?,옆구리
502,죽을 뻔했다가 다시 살아난 사람의 생일은?,9월 4일(구사일생)
503,피가 많이 나야 돈을 버는 일은?,고스톱
504,씨엘의 엉덩이를 영어로?,class
505,진짜 기적을 몰고 오는 사람은?,열차 기관사
506,모솔이 빨갱이인 이유는?,'자본' 경험이 없어서 자본주의를 이해 못하기 때문
507,우리나라에서 가장 멀리 있는 도시는?,화성
508,너 이번 추석에 어디 가?,나시고랭
509,총을 쏠 때 한 쪽 눈을 감는 이유는?,두 눈 다 감으면 안 보이니까
510,소가 칼을 물고 있는 곳은?,검문소
511,오줌을 잘 싸는 사람은 오줌싸개이다,잽싸게
512,할 일 없어서 죽치고 뒹굴고 있는 상태를 4자로?,뭉게구름
513,"청와대는 블루하우스, 백악관은 화이트 하우스 그럼 투명한 집은?",비닐하우스
514,소나무 숲에 다섯 개로 갈림길 난 것을 뭐라고 할까?,오솔길
515,일동아파트 1동 주민이 성명문을 쓰면?,일동아파트 일동 주민 일동
516,공중 화장실은 어디에 있나?,비행기
517,창피한 것도 모르고 체면도 모르는 사람의 나이는?,넉살
518,크리스마스에 팔지 않는 음식은?,울면
519,일본 프랑스 러시아를 3자로?,왜불러
520,자기를 계속 베어 달라고 하는 것은?,날벼락
521,12345678을 4자로?,"영구(0,9) 없다."
522,사람 웃기기도 하고 울리기도 하는 닭은?,코스닥
523,도둑고양이에게 가장 잘 어울리는 금은?,슬금슬금
524,비가 올 때 하는 욕은?,우씨
525,헌병이 가장 무서워하는 사람은?,고물장수
526,곤충의 몸을 삼등분하면 어떻게 될까?,죽는다.
527,스님들만 사용하는 병실은?,중환자실
528,빵 가게 주인이 제일 싫어하는 말은?,유머(빵터져서)
529,모두가 자기 산이라고 우기는 산은?,마이산
530,사람들이 가장 싫어하는 거리는?,걱정거리
531,사람들이 가장 좋아하는 일은?,휴일
532,소리 없이 글을 쓰는 사람은?,조용필
533,과식하면 사람들이 늘 부르는 것은?,배불러
534,겨울에 일어나는 전쟁은?,추워
535,사랑하는 사람을 가장 많이 걱정하는 사람은?,임꺽정
536,비가 오거나 날이 흐린 날 나타나는 벌레는?,우중충
537,멍청한 집단을 다른 말로?,비영리단체
538,초등학교에 범죄자들이 많이 모여 있는 이유는?,대부분 전과를 가지고 있으니까
539,직장인들이 매일매일 아침마다 사 가는 음식은?,회(회사 간다)
540,미국에서 부모가 아이에게 돈을 받으면?,우리 아이가 달라줬어요
541,귤이 감을 보고 영어로 뭐라고 했을까?,you 감
542,소가 서울 가는 것을 3자로?,소설가
543,돼지가 방귀 뀌는 것은?,돈가스
544,모자가 여러 개 모여 있는 것을 4자로?,밀짚모자
545,아이디어 회의할 때 주워야 하는 과일은?,감
546,모자를 새로 사서 쓰고 나타난 사람에게 하는 욕은?,좀 모자라 보인다.
547,북극곰이 타고 다니는 차는?,알래스카
548,노루가 다니는 길의 이름은?,노르웨이
549,소가 계단에 올라가는 것을 3자로?,소오름
550,강아지가 한 마리만 있는 나라?,독일
551,프랑스에서 라면 먹으면 안 되는 이유?,다 불어라
552,햄버거는 무슨 색깔일까?,버건디
553,소가 단체로 노래 부르는 것은?,단체 소송
554,사람들이 그늘에 있으면 행복한 이유는?,해피해서
555,사장님이 복도를 돌아서 가면?,보스턴
556,외로운 사람들이 먹지 않는 과일은?,참외
557,정삼각형의 동생 이름은?,정삼각
558,공주를 죽여서 그 시체를 생으로 먹으면?,공주시체육회
559,기생이 오르가슴을 느끼면?,간첩
560,인어공주가 목욕을 하는데 신하가 들어오면 인어공주가 하는 말?,언더더씨(안닫어 씨)
561,아플 때 가는 여행지는?,다낭
562,똥 누다가 죽으면?,변사체
563,명종이 언제 왕이 되었나?,인조잔디
564,쥐가 혀를 깨물면?,설문지
565,노인이 길 가다가 자빠지면?,미끄럼틀
567,빛과 소리 중 뭐가 더 게으를까?,빛은 매질이 없어도 잘 가지만 소리는 매질이 있어야 감
568,책이 찢어지면?,책임져(책 injure)
569,노인이 사물을 보는 각도는?,틀아이앵글
570,피를 뽑고 나면 어지러운 이유는?,피gone 해서
571,소변을 보고 물을 내리면?,쉬즈곤
572,누구나 고민을 하게 되는 장소는?,아마zone
573,옥수수가 시험을 보면?,콘테스트
574,먹으면 저절로 웃게 되는 죽은?,히죽
575,아기가지면?,엄마가 이김
576,감이 전쟁터에서 죽으면?,감전사
577,밥 먹기 위해서 하는 내기는?,모내기
578,"""동전을 주다""를 수학적으로 나타나면?",5%(offer cent)
579,자동차의 나라를 영어로?,카네이션
580,"""이것은 저의 어머니가 만든 것입니다""를 영어로?",메이드인 저어머니
581,가나 역사를 열심히 공부한 여자가 드라마에서 자주 하는 말은?,니 가나에 대해서 뭘알아
582,짱구가 ㅈ을 떼면?,장구
583,디바가 울면?,디바우러
584,사고뭉치를 1자로?,뇌
585,밥으로 괴물만 먹는 회사는?,몬스터주식회사
586,일러스트레이터가 불타면?,번 화가
587,짱구가 다니는 절 이름은,천방지축어리둥절
588,멍게가 우는 소리 들어봤냐?,그게 멍 게소리야
589,가장 뛰어난 능력을 가진 노예는?,초인종
590,"""보석이 아니다""를 3자로?",비쥬얼
591,고양이가 부르는 노래는?,곡괭이
592,군인이 가장 좋아하는 역은?,전역
593,칡을 캐서 폭포에서 닦으면?,칡칡폭폭
594,노예가 갑자기 놀라면?,종이 하악
595,영어 공부하던 사람이 죽은 이유는?,의문사라서 모름
596,십시일반은 몇일까?,5(10C1/2)
597,이력서 쓸 때마다 등장하는 회사 이름은?,나이 키
598,바닷속에 있는 쇠가 녹이 잘 스는 이유는?,철썩이는 바다이니까.
599,체중이 가장 많았던 조선 왕은?,철종
600,동반자살을 3자로?,맞다이
601,소가 감전 당해서 죽으면?,우사인 볼트
602,소랑 개랑 부딪히면?,소개팅
603,벌을 잡았다 어디서 잡았을까?,갯벌(get 벌)
604,아이를 셋 낳을 계획을 세우면?,미래에셋
605,만나면 서로 인사하지 않는 것을 뭐라고 할까?,하의실종(Hi 실종)
606,가장 더러운 얼음은?,오므라이스(오물 아이스)
607,돈을 버는 개는?,번개
608,소고기를 안 넣고 끓인 국은?,소고기 무국
609,파스에 불이 붙으면?,파스타
610,트랜스포머가 현재 여자친구가 없는 이유는?,차여서
611,유럽인의 식사를 뭐라고 할까?,이유식
612,한무당이 갖춰야 할 직업관?,인생은 한방이다
613,모래사장에 사는 마녀를 뭐라 부를까?,샌드위치
614,​소가 구걸을 하면?,우거지
615,호랑이들이 배가 고프면?,기아타이거즈
616,불이 났는데 소가 가만히 보고만 있는 것은?,소방관
617,일본인과의 싸움은?,왜 싸워
618,경상도 쥐가 개그를 쳤는데 아무 반응이 없을 때 하는 말은?,마! 우스라고
619,베를린에서 음식을 함부로 먹으면 안 되는 이유?,독일 수도
620,"친구들과 술집에 가서, 계산할 때 추는 춤은?",주춤주춤
621,곤충끼리 부딪히면?,충돌
622,차가 다니는 도로에 갑자기 사람이 뛰어들면?,카놀라유
623,자동차가 우는 나라?,잉카
624,엄마와 아들이 같이 택견을 하면?,모자이크
625,코가 긴 사람들이 하는 스포츠는?,코오롱스포츠
626,가장 믿음직스러운 오리는?,미더덕
627,눈과 구름을 자르는 칼은?,설운도
628,아마추어의 반대말은?,확실히 더워
629,D가 나무를 캐면?,목캔디
630,배래 나루를 전기면도기로 밀면 안되는 이유는?,배털이 없으면 꺼져서
631,흑인이 자기소개를 하면?,암흑
632,머리를 감을 때 어디부터 감을까?,눈
633,죽으면서 하는 고백은?,다이스키
634,65세 할머니를 뭐라고 부를까?,헤이~ 유오걸~(이효리 - 유고걸)
635,"전기가 많이 흐르는 ""털""이 있는데 그 털은 과연 무슨 털일까?",디지털(Digital)
636,권투선수의 주먹보다 강한 것은?,보
637,달이 방귀를 뀌면?,방귀문
638,아이언맨 왼쪽에 있는 것은?,스타크래프트
639,기생충이 목마를 때 하는 말?,숙주 나 물
640,마녀가 높은 탑에 살수록 강한 이유?,witch 에너지 증가
641,탐관오리가 가장 좋아하는 마술은?,매관매직
642,"""할아버지 발이 제일 크다""를 4자로?",노발대발
643,네 마리의 고양이가 괴물이 되면?,포켓몬스터
644,여름을 가장 시원하게 보내는 사람은?,바람난 사람
645,숨을 쉴 수 있는 책은?,페이스북
646,왕이 탈의하면?,버스킹
647,왕이 욕을 하면?,뻐킹
648,왕이 가진 공은?,짐볼
649,왕이 길 가다가 노래를 부르면?,버스킹
650,가수 비가 매운 것을 먹으면?,와사비
651,박봄의 영어 이름은?,아웃룩
652,꽃이 입을 다물고 있으면?,다문화
653,거북이가 소개팅을 하면?,거북선
654,성에서 억울하게 죽은 사람이 한을 풀면?,곡성
655,가장 심심한 배는?,모함
656,연필에 눈이 묻으면?,팬썰
657,테이가 침을 뱉으면?,테이프
658,잠꾸러기가 좋아하는 옷 브랜드는?,자라
659,자다가 나온 머리카락은?,잔머리
660,더러운 사람만 사는 성은?,안시성
661,오리가 인사하면?,끄덕
662,땅에서 대화를 하면?,토론
663,신라면을 세 젓가락만 주는 곳은?,신라면세점
664,소고기가 실수를 하면?,미스테이크
665,아주머니를 만나기 힘든 이유는?,아주머니 집이 아주 머니까
666,왕에게 소금을 뿌리면?,짜왕
667,치아에 인공지능을 심었으면?,이가 시리다
668,똥 나라에 사는 고양이가 우는소리는?,똥꾸뇨옹
669,출전한 선수 모두가 기도를 드리고 시작하는 운동경기는?,합기도
670,다리가 기울어져 있으면?,교정
671,옥수수를 돌려서 밥을 만드는 외국인은?,콘돌리자 라이스
672,고기 먹을 때마다 따라오는 개는?,이쑤시개
673,헬스하는 사람이 멋진 이유는?,머슬 아는 사람이기 때문
674,타짜의 아귀가 사는 동네는?,동작구만
675,펜이 엄청 많으면?,사인펜
676,양손으로 소금을 뿌리면?,양념
677,달에서 돌고 있으면?,달팽이
678,돼지가 헷갈리면?,혼돈
679,달에 지하철이 있으면?,달력
680,아빠가 빛이 나면?,광부
681,아버지가 학습을 하면?,공부
682,공이 무거우면?,짐볼
683,코가 2개인 물고기는?,듀얼코어
684,감이 하나도 없으면?,공감
685,"""너 일어나""를 3자로?",유인나
686,구내식당에서 쓰는 소금 이름은?,구내염
687,새를 비틀어서 짜면?,짜임새
688,물을 세우면?,건물
689,중동에서 친구 없는 사람들이 마시는 음료는?,아라비아따
690,코끼리가 홀딱 벗은 남자에게 뭐라고 말했을까?,넌 그걸로 어떻게 먹니
691,키스를 4자로?,설왕설래
692,남녀가 자고 나면 생기는 것은?,눈꼽
693,결혼하면 남자의 것을 여자가 빨아야 하는 것은?,속옷
694,손만으로 해서는 안되고 허리를 잘 써야 하는 것은?,노젓기
695,신혼여행 떠나는 신부를 보고 신랑이 필요 없는 것은 두고 가라고 했다,속옷
696,남자는 코가 크면 뭐가 클까?,콧구멍
697,신혼부부가 제일 좋아하는 곤충은?,잠자리
698,남자가 가장 좋아하는 술?,입술
699,여자 두 명이 질투라면 남자 두 명은?,포볼
700,들어갈 때는 딱딱하고 나올 때는 물렁물렁한 것은?,껌
701,감옥에 갈 수도 있는 책은?,원조교제
702,원조교제하는 생활을 뭐라고할까?,틀에박힌생활
703,정액을 다른 말로?,쥬짓수
704,고추에 바람을 불면?,조세호
705,축구선수 루니가 남성병원에 가서 확대수술을 받았다를 5자로?,조지 클루니
706,"""발기가 되냐?""를 영어로?",Do you understand?
707,무성욕자인 남자가 항상 이기는 이유는?,질 생각이 없음
708,섹스를 못하는 동물은?,해마(hammer) - 못 박으니까
709,철벽녀를 만나면 눈앞이 캄캄해지는 이유는?,안대 줘서
710,가슴이 납작한 사람을 만나는 이유는?,meet meet 해서
711,콘돔 없이 피임하는 방법은?,사정없이 박으면 됨
712,발기부전인 사람에게 절대 오지 않는 날은?,설날
713,가슴이 큰 노예를 3자로?,종이컵
714,고추를 잘 빠는 기계는?,프로펠라
715,여자 화장실 앞에 줄 서 있는 것을 4자로?,질서있다.
716,동그란 모양인데 만지면 물렁물렁하고 끝에 꼭지가 있는 것은?,풍선
717,인체 중에서 상황에 따라 보통 때의 6배까지 팽창할 수 있는 곳은?,동공
718,새신랑과 안경 낀 사람의 공통점은?,벗으면 자꾸 더듬는다.
719,성인 여성들이 한 달에 한 번씩 정기적으로 하는 것은?,반상회
720,제비족에게 최초로 당한 여자는?,놀부 마누라
721,숫처녀가 많은 나라는?,뉴질랜드
722,매월 하루 찢어지는 고통에 시달리는 여인은?,캘린더걸
723,살과 살 사이에 털이 있고 충격을 주면 물이 나오는 것은?,눈
724,넣고 있을 때는 기분 좋고 뺄 때에도 더 기분 좋은 것은?,적금
725,여자들이 좋아하는 남자는 어떤 남자일까요?,서 있는 남자
726,남자들이 제일 좋아하는 여자는?,속 좁은 여자
727,"""사랑은 이제 그만""을 1자로?",빼
728,벗겨주세요,나무젓가락
729,시집 안 간 숙녀들이 이불에서 손가락으로 하는 신성한 행위는?,바느질
730,남자가 뛸 때 가운데에 하나가 흔들리는 것은 뭘까?,넥타이
731,여자가 뛸 때 2개가 흔들리는 것은 뭘까?,귀걸이
732,"바르기는 여자가 주로 바르고, 남자가 즐겨 먹는 것은?",립스틱
733,"사랑이란 ( )끼고, ( )하는 것?","아, 위"
734,밤에 빨래하는 아내에게 남편이 한 말은?,자기 왜 빨어?
735,여자 신체 중에 '지'자로 끝나는 것으로 첫날밤에 쓰이는 것은?,"연지, 곤지"
736,여자는 없는데 남자는 아래쪽에 하나 있는 것은?,받침
737,사람이라면 누구든지 가지고 있다,이름
738,봉사하는 마음으로 임하는 것이 마음이 편하며 주로 침대에서 많이 하구 가끔 차에서도 한다,헌혈
739,겉옷을 벗기면 속옷이 나오고 속옷을 벗기어 빨면 흐물흐물해지는 것은?,껌
740,7+4가 11인 이유?,임테기
741,젊은 남자가 여탕에 들어가면 무슨 죄인가?,불법무기소지죄
742,젊은 여자가 남탕에 들어가면 무슨 죄인가?,방화죄
743,할머니가 남탕에 들어가면?,방화미수죄
744,늙은 남자가 여탕에 들어가면 무슨 죄인가?,불량무기소지죄
745,사랑을 하면 눈이 먼다는데 그 이유는?,더듬어서
746,성개방설은 누가 주장했나?,주자
747,성폐쇄설은 누가 주장했나?,고자
748,성억제설은 누가 주장했나?,참자
749,남자가 자위하는 것을 4자로?,선거운동
750,국사가 동정을 떼면?,한국사
751,여자친구가 가버리면?,간질
752,"""난 거시기가 크다""를 4자로?",전자지갑
753,질문이 없는 사람을 2자로?,남자
754,커플이 타면 큰일 나는 열차는?,자기 부상 열차
755,가장 야한 생물은?,해조류
756,섹스를 제일 많이 하는 나라는?,떡국
757,18명의 여자가 모이면?,구질구질
758,수컷 말만 있고 암컷 말이 없다면?,할 말이 없네
759,아이가 길을 돌아가면?,우회하라 아이
760,오삼불고기를 영어로 하면?,Come on pussy!
761,남녀가 해돋이를 보러 가는 이유는?,해보려고
762,신혼 때 침실에서 입는 옷은?,메리 야스
763,OX 퀴즈가 발기부전에 좋은 이유?,easy 선다니까
764,소리가 큰 성기는?,확성기
765,개그맨이 잘 걸리는 병은?,요절복통
766,불이 나면 터지기 쉬운 나라는?,부탄
767,일본인들이 소가 죽었는지 확인할 때 하는 말은?,소데스(death)까?
768,스님이 중간에 내리면?,중도하차
769,양을 탄 사람?,양탄자
770,'임금님 앞에서 침을 뱉으면 안 된다'를 4자로?,임전무퇴
771,물이 가장 많은 여자는?,정수기
772,입속에 있던 가래를 삼키면서 하는 말은?,베가레이서
773,왼쪽으로 걷는 사람은?,워크래프트
774,옷을 가장 잘 입는 며느리는?,발렌시아가
775,추운 나라에 사는 왕이 좋아하는 국은?,겨울왕국
776,내가 키우던 말이 다른 말과 싸우면?,우리말 겨루기
777,도둑질하기 좋은 시간은?,범죄도시
778,우리나라에서 아버지가 가장 많은 지역은?,부천
779,리액션이 좋은 아이스크림은?,와
780,등산의 다른 말?,산타
781,고민이 많은 물건?,곰인형
782,사자의 천적은?,팔자
783,'너무 안 좋다'를 3자로?,개구리
784,'나는 9입니다'를 2자로?,전구
785,머리 세팅을 다른 말로?,헤드셋
786,박 씨들이 모여있으면,박스
787,1을 원하면,워너원
788,여자 친구가 바람피우는지 감시하는 것은?,자기관리
789,삼성에서 물건을 찾고 나서 묻는 말은?,이거늬?
790,가장 잘 막는 골키퍼는?,마그마
791,공중에서 사람들이 가장 좋아하는 공은?,성공
792,포장마차를 가장 많이 볼 수 있는 곳은?,장기판
793,가장 폭력적인 동물은?,팬다
794,고시생들이 가장 많이 찾는 청바지는?,노량진
795,경찰이 음주단속할 때 가장 많이 사용하는 언어는?,불어
796,갑돌이와 갑순이가 결혼을 못한 이유는?,동성동본
797,노래 시작하기 전에 들리는 도시는?,전주
798,스님들이 못 가는 대학교는?,중앙대
799,세상에서 가장 인사성이 밝은 경찰은?,사와디캅
800,세상에서 가장 코가 큰 경찰은?,코쿤캅
801,"""형 이 씨 좀 불러줘""를 영어로 하면?",브로 콜 리
802,티파니와 태연이 싸우면?,티격태격
803,모기가 웽웽거리는 이유는?,모기 아파서
804,신이 차에서 내리면?,신내림
805,검도를 하다가 죽었다,죽도록 맞아서
806,"""여기서 장미를 키웁니다""를 6자로?",키움 Here Rose
807,소가 나무 사이에 끼면?,우낌
808,화를 잘 내는 대통령은?,버락 오바마
809,암바를 당해서 죽으면?,암바사
810,"이성계는 태조, 이방원은 태종이다",수종
811,왕이 요리를 하면?,쿠킹
812,곰돌이 푸가 차에 치이면?,카푸치노
813,뜨겁지는 않지만 따가운 불은?,가시덤불
814,옥수수가 돌면?,콘돔
815,흥부 자식이 10명이 있는 것을 다른 말로?,흥부새끼 십새끼
816,청소하는 아가씨를 3자로?,청소년
817,곰돌이 푸가 제일 싫어하는 동물은?,아기염소
818,명란젓의 여자친구 이름은?,명란젓깔
819,가수 비를 누른 가수는?,클릭 비
820,실내화가 자기소개를 할 때 하는 말은?,실례합니다
821,청바지를 땅에 심으면?,심은진
822,나나가 지구에 왔다를 다른 말로?,지구온난화
823,이별은?,지구
824,수소가 암소의 발을 밟았을 때 한 말은?,암소쏘리
825,차량 사고를 3자로?,붕어빵
826,외국인 친구 '던'에게 마이크 달라고 할 때 하는 말은?,마이클 조던
827,사오정이 다니는 고등학교는?,뭐라고
828,4마리의 개가 절을 하면?,사계절
829,먹지 못하는 라면은?,바다가 육지라면
830,짱구와 오징어의 차이점은?,오징어는 말리지만 짱구는 못 말려
831,재수 없는 것이 좋은 사람은?,고3 수험생
832,붉은 길에 떨어져 있는 동전은?,홍길동전
834,앉아서 절하면?,좌절
835,어머니가 한 명인데 아버지가 둘인 것은?,두부한모
836,추우면 모서리로 가야 하는 이유는?,거기는 90도이니까
837,성동일이 물에 빠지면?,동일인물
838,침대는 가구일까? 과학일까?,곤충(잠자리)
839,엘리베이터에서 스타킹을 조심해야 하는 이유는?,올라(나)가니까
840,똥을 4번 싸면?,부직포
841,칼로 물을 벤다를 2자로?,"수컷, 물뱀"
842,엄마가 흑인이면?,엠블랙
843,텔레비전에서 가장 많이 나오는 동물 2가지는?,개구리와 양(프로그 램)
844,흑인이 울면?,깜찍
845,성씨 중에서 가장 달콤한 성씨는?,홍씨
846,스님이 웃통을 벗고 있는 절은?,반나절
847,세상에서 가장 오래 된 치킨은?,구닥다리
​848,팥이 목마를 때 콩에 하는 말은?,콩 나 물
849,지구상에서 자동차 교통이 가장 심하게 막히는 곳은?,밀림
850,부엌칼에 너무 힘을 많이 주면은?,도마 뱀
851,간첩이 동물원 가면 찾는 새는?,공작새
852,윈도 7이 때때로 먹통이 되어 답답한 이유는?,창문에 칠을 해서
853,담배 골초들이 좋아하는 음식점은?,피자집
854,생선이 이빨이 없는 이유는?,어이가 없어서
855,어머 벌이 새끼 벌에게 먹이를 주면서 하는 말은?,앵커
856,한국 역사상 규모가 가장 컸던 사기 사건은?,삼국사기
857,무덤에 갈 때가 되면 사람이 순해지는 이유는?,고분고분 해져서
858,다시는 얼굴 안 본다고 해놓고 또 만나는 회의?,안보리
859,주름살을 펼 때 하는 말은?,살피세요
860,호랑이가 사냥을 못하면?,기아 타이거즈
861,종업원을 부르는 벨이 없는 테이블은?,노벨상
862,소음이 심하게 나는 돌은?,떠들석
863,공사판에서 제일 싫어하는 새는?,틈새
864,산불의 다른 말은?,산타
865,차 문을 세게 닫으면 안 되는 이유는?,차 문은 네 개라서
866,가장 빠른 개는?,번개
867,내가 무대에 데뷔한 날을 영어로?,내쇼날
868,넌 죽을 준비해,난 밥을 준비할게
869,해장국밥 먹을 때 들깨를 넣으면 안 되는 이유는?,술이 들깨
870,다이어트하는 사람이 장마철을 싫어하는 이유는?,비만이 와서
871,군인들이 먹는 찌개는?,부대찌개
872,신발이 날아가면?,신난다
873,형과 동생이 싸우는데 형의 편을 들어주는 사람이 없으면?,형편없다
874,박스 안에 병이 들어 있으면?,박스가 아프다
875,경찰서의 반대말은?,경찰 앉아
876,5살짜리가 없는 지역은?,오세아니아
877,버스에서 절대 자리 양보를 안 하는 사람은?,버스기사
878,스케이트 선수가 좋아하는 화장품은?,에스케이투
879,사자가 빈병을 줍는 알바를 하는 것은?,라이언 일병 구하기
880,신문이 일하러 가면?,일간신문
881,내 마음대로 가는 길은?,내맘대로
882,잠을 못 자는 신데렐라는?,모차렐라
883,항상 추운 나라는?,시리아
884,가수 비랑 나랑 목장에서 소를 세면?,비엔나소세지
885,나문희가 엘리베이터를 타면 안 되는 이유는?,문희 다칩니다
886,아이유가 바둑은 보는데 장기를 안 보는 이유는?,전남친이 장기하니까
887,개불 2마리가 붙어 있으면 슬픈 이유는?,개불쌍이라
888,차두리가 화상을 입었다면?,두리번
889,소녀시대 gee를 비랑 같이 부르면?,비엔나 소시지
890,사공이 많으면 배가 어떻게 되나?,가라앉는다.
891,정약용이 죽으면?,다산 정약용
892,캡틴 2명 사이에 토르가 있으면?,캡사이신
893,북유럽 사람들이 책을 많이 읽는 이유는?,Book you love
894,뷰티풀에서 T를 빼면?,티 없이 아름다움
895,우리나라 산은?,국산
896,닭들이 줄지어서 위장 속을 걸으면?,위계질서
897,원탁의 기사들이 왕에게 하는 인사는?,아서왕(어서왕)
898,"김차장, 박차장, 이차장이 모인 장소는?",세차장
899,막대기가 4개면?,포스틱
900,통키가 담배 피우려고 할 때 친구가 하는 말?,피구왕 통키
901,죽은 사람이 부동산 투자를 할 때 하는 말?,저승사자
902,불장난으로 돈을 벌면?,불로소득
903,자꾸 네가 누군지 묻는 병은?,후유증
904,소녀시대가 차에 넣는 기름은?,키씽유
905,소가 그림을 그리면?,피카소
906,소가 전쟁을 하면?,워매워매
907,고양이를 물로 만들면?,물로켓
908,징을 놀랍도록 세게 치면?,어메이징
909,선풍기가 위험한 이유는?,발암 유발
910,모기가 매일 잠만 자는 이유는?,피로 가득해서
911,모나리자가 관에 들어가면?,관리자
912,뉴스 앵커가 옷을 벗고 방송을 진행하는 이유는?,속보여서
913,아픈 사람이 바라는 반지는?,힐링
914,애완동물이 잘 걸리는 병은?,페트병
915,깡패 중에 제일 건강한 사람은?,영양갱
916,똥에 입김을 불다가 죽으면?,변호사
917,본죽 직원이 위험한 이유는?,죽을 준비해야 해서
918,가장 쓴 국은?,약국
919,우주에서 먹는 물은?,은하수
920,말이 태양을 보고 있으면?,그냥 해본 말이여
921,고양이가 열리는 나무는?,묘목
922,선풍기를 개봉하면?,깐풍기
923,머리에 총을 한 발 쏘면?,단발머리
924,갈매기가 옷을 입으면?,끼룩
925,가장 사랑스러운 양은?,자기양
926,눈이 죽으면?,설사
927,대통령선거의 반대말은?,대통령앉은거
928,안녕을 5번 말하면?,하이파이브
929,망칠수록 돈을 버는 사람은?,어부
930,개미의 목구멍보다 작은 것은?,개미의 먹이
931,아무도 살지 않는 동네는?,노원동
932,도시인들이 밥을 먹으면서 즐기는 기쁨을 뭐라고 하나?,도시락
933,사 왔는데도 못 사 왔다는 소리를 듣는 것은?,못
934,다 배웠는데도 여전히 배우라고 불리는 사람은?,배우
934,왕이 걷는 것은?,워킹
935,가장 빠른 새는?,"눈깜짝할 새, 금새"
936,의자왕이 탔던 차는?,체어맨
937,드라큘라가 가장 싫어하는 사람은?,피도 눈물도 없는 사람
938,'미닫이'를 소리 나는 대로 적으면?,드르륵
939,"판사, 요리사, 군인, 경찰 중에서 누가 제일 큰 모자를 쓸까?",머리가 제일 큰 사람
940,장님과 싸우면 못 이기는 이유는?,눈에 뵈는 게 없으니까
941,소방수와 싸우면 못 이기는 이유는?,물불 안가리니까
942,"남자 2명이 하기는 쉽고, 남녀가 함께 하기는 약간 어렵고, 여자 2명이 하기는 불가능한 것은?",한 요강에 동시에 소변보기
943,동물원의 맹수들이 바라본 구경꾼들의 모습을 4자로?,그림의 떡
944,세상에 태어난 뒤로 머리를 한 번도 깎아 본 적이 없는 것은?,붓
945,"""병든 자여 다 내게로 오라""고 말한 사람은?",엿 장사
946,50에 먹는 밥은?,쉰밥
947,제빵왕 김탁구가 싫어하는 것은?,빵터짐
948,점점 말라가는 도시?,시드니 / 말라가
949,엄마 이름을 그대로 물려받은 가수는?,에미넴
950,장사꾼들이 싫어하는 경기는?,불경기
951,금이 자기소개를 할 때?,저금
952,가장 행복한 소는?,미소
953,무가 날씬해지는 것을 3자로?,무슬림
954,날씬해지는 떡은?,호떡
955,날씬해지는 빵은?,호빵
956,호랑이가 가장 좋아하는 생활은?,호의호식
957,먹어도 배가 부르지 않는 밥은?,공기밥
958,늘 취해있는 밥은?,곤드레밥
959,빵집에서 하면 안 되는 메뉴는?,고로케 하면 안돼
960,길을 잃어버리기 쉬운 지하철역은?,미아역
961,화를 내지 않는 과일은?,무화과
962,늘 미안한 과일은?,사과
963,지성을 가진 여배우?,이보영
964,인사성이 밝은 밥은?,하이라이스
965,엄마들이 가장 많이 하는 소리?,잔소리
966,바닷속에 있는 다리는?,도다리
967,맷 데이먼의 코를 3자로?,맷씨코
968,제일 무거운 파리는?,돌파리
969,단무지가 버스 탈 때 돈 안내면서 하는 말?,저 무임 승차할게요
970,성인들이 술자리에서 내미는 배는?,건배
971,태양이 10개가 뜨면?,썬텐
972,악기 중에 절반만 연주되는 악기는?,하프
973,"1, 2, 3위보다 4위를 좋아하는 사람은?",장모
974,"""끈이 없다""를 2자로?",노끈
975,3 곱하기 3은 몇이게염?,구내염
976,자동차가 녹슬면?,녹차
977,소년들만 탈 수 있는 차는?,보이차
978,북한 사람들이 제일 좋아하는 여행지는?,팔라우
979,생강에 발모제를 바르면?,진절머리나
980,"""샤프심 좀 빌려줘""를 3자로?","인내심, 조바심"
981,많이 돌아다닐수록 빠지는 살은?,역마살
982,목수도 고칠 수 없는 집은?,똥고집
983,사람들이 가장 무서워하는 말은?,종말
984,사람들이 졸려하는 말은?,수면양말
985,사람들이 좋아하고 기다리는 말은?,주말
986,흡혈귀가 제일 좋아하는 음료수는?,피로회복제
987,뉴턴의 학점은?,A+
988,애들이 가장 싫어하는 탑?,에펠탑
989,깨면 칭찬받는 것은?,신기록
990,카드캡터 체리의 직업은?,고양이 수의사(캣 치유~ 캣 치유~)
991,최고의 목장을 3자로?,목장갑
992,하늘에서 똥이 내리면?,변비
993,한가위 다음날은?,두바위
994,일본에서 야생멧돼지가 공격할 때 하는 말은?,야멧돼
995,왕이 취직하면?,임금노동자
996,이슬람 사원을 꼭 봐야 하는 관광지는?,모스크봐
997,결정 장애인들이 사는 나라는?,앙골라
998,일본 주부가 밥하기 귀찮을 때 하는 말은?,사무라이
999,이세돌 아들의 돌잔치를 6자로?,이세돌 이세 돌
1000,머리카락의 최소값을 구하는 함수는?,MIN
